{"playerX":438.83917236328127,"playerY":-96.50003051757813}