{"playerX":444.6000061035156,"playerY":-96.44286346435547}